﻿Airlines,,,AirplanesTypes,,Passangers,,,NumberKm,,Speed,,ConsumL/km,,Pret/1L,,Class 1,Class 2,Class 3
Air Algérie,,,Airbus A220,,200,,,6100,,800,,5.6,,0.6 $,,2%,28%,70%
Tassili Airlines,,,Airbus A221,,230,,,6450,,815,,5.95,,,,,,
Diexim Expresso,,,Airbus A222,,260,,,6800,,830,,6.3,,,,,,
SonAir,,,Airbus A223,,290,,,7150,,845,,6.65,,,,,,
TAAG Angola Airlines,,,Airbus A224,,320,,,7500,,860,,7,,,,,,
COTAIR,,,Airbus A225,,350,,,7850,,875,,7.35,,,,,,
Trans Air Benin,,,Airbus A226,,380,,,8200,,890,,7.7,,,,,,
Air Botswana,,,Airbus A227,,410,,,8550,,905,,8.05,,,,,,
Air Burkina,,,Airbus A228,,440,,,8900,,920,,8.4,,,,,,
Air Burundi,,,Airbus A229,,470,,,9250,,935,,8.75,,,,,,
Camair-co,,,Airbus A380,,500,,,9600,,950,,9.1,,,,,,
Elysian Airlines,,,Airbus A381,,530,,,9950,,965,,9.45,,,,,,
Cabo Verde Express,,,Airbus A382,,560,,,10300,,980,,9.8,,,,,,
Halcyonair,,,Airbus A383,,590,,,10650,,995,,10.15,,,,,,
TACV,,,Airbus A384,,620,,,11000,,1010,,10.5,,,,,,
Toumaï Air Tchad,,,Airbus A385,,650,,,11350,,1025,,10.85,,,,,,
Comores Air Services,,,Airbus A386,,680,,,11700,,1040,,11.2,,,,,,
Comores Aviation,,,Airbus A387,,710,,,12050,,1055,,11.55,,,,,,
Comoro Islands Airline,,,Airbus A388,,740,,,12400,,1070,,11.9,,,,,,
Compagnie Africaine d'Aviation,,,Airbus A389,,770,,,12750,,1085,,12.25,,,,,,
Congo Express,,,Antonov An-148 ,,190,,,3000,,700,,2.2,,,,,,
FlyCongo,,,Antonov An-149,,210,,,3200,,715,,2.31,,,,,,
Korongo Airlines,,,Antonov An-150,,230,,,3400,,730,,2.42,,,,,,
Wimbi Dira Airways,,,Antonov An-151,,250,,,3600,,745,,2.53,,,,,,
Trans Air Congo,,,Antonov An-152,,270,,,3800,,760,,2.64,,,,,,
Air Côte d'Ivoire,,,Antonov An-153,,290,,,4000,,775,,2.75,,,,,,
Daallo Airlines,,,Antonov An-154,,310,,,4200,,790,,2.86,,,,,,
Djibouti Air,,,Antonov An-155,,330,,,4400,,805,,2.97,,,,,,
Air Cairo,,,Antonov An-156,,350,,,4600,,820,,3.08,,,,,,
Air Memphis,,,Antonov An-157,,370,,,4800,,835,,3.19,,,,,,
Air Sinai,,,Antonov An-158,,390,,,5000,,850,,3.3,,,,,,
Alexandria Airlines,,,Antonov An-159,,410,,,5200,,865,,3.41,,,,,,
AMC Airlines,,,Antonov An-160,,430,,,5400,,880,,3.52,,,,,,
Cairo Aviation,,,Antonov An-161,,450,,,5600,,895,,3.63,,,,,,
EgyptAir,,,Beechcraft Model 1900 Airliner ,,180,,,2500,,700,,2.9,,,,,,
EgyptAir Express,,,Beechcraft Model 1300 Airliner ,,200,,,2800,,713,,3.1,,,,,,
Nile Air,,,Beechcraft Model 1700 Airliner ,,220,,,3100,,726,,3.3,,,,,,
Ecuato Guineana,,,Beechcraft Model 1600 Airliner ,,240,,,3400,,739,,3.5,,,,,,
Eritrean Airlines,,,Beechcraft Model 1920 Airliner ,,260,,,3700,,752,,3.7,,,,,,
Ethiopian Airlines,,,Beechcraft Model 1340 Airliner ,,280,,,4000,,765,,3.9,,,,,,
Avirex Gabon,,,Beechcraft Model 1750 Airliner ,,300,,,4300,,778,,4.1,,,,,,
Gambia Bird,,,Beechcraft Model 1680 Airliner ,,320,,,4600,,791,,4.3,,,,,,
Mahfooz Aviation,,,Beechcraft Model 1990 Airliner ,,340,,,4900,,804,,4.5,,,,,,
Slok Air International,,,Bombardier Challenger 300 ,,170,,,4000,,701,,3.12,,,,,,
CTK - CiTylinK,,,Bombardier Challenger 301,,190,,,4100,,711,,3.21,,,,,,
African Express Airways,,,Bombardier Challenger 302,,210,,,4200,,721,,3.3,,,,,,
Airkenya Express,,,Bombardier Challenger 303,,230,,,4300,,731,,3.39,,,,,,
Kenya Airways,,,Bombardier Challenger 304,,250,,,4400,,741,,3.48,,,,,,
Mombasa Air Safari,,,Bombardier Challenger 305,,270,,,4500,,751,,3.57,,,,,,
Afriqiyah Airways,,,Bombardier Challenger 306,,290,,,4600,,761,,3.66,,,,,,
Air Libya Tibesti,,,Bombardier Challenger 307,,310,,,4700,,771,,3.75,,,,,,
Buraq Air,,,Bombardier Challenger 308,,330,,,4800,,781,,3.84,,,,,,
Libyan Arab Airlines,,,Bombardier Challenger 309,,350,,,4900,,791,,3.93,,,,,,
Air Madagascar,,,Bombardier Challenger 310,,370,,,5000,,801,,4.02,,,,,,
Air Malawi,,,Bombardier Challenger 311,,390,,,5100,,811,,4.11,,,,,,
Air Mali,,,Bombardier Challenger 312,,410,,,5200,,821,,4.2,,,,,,
Mauritania Airlines International,,,Boeing 717,,180,,,4500,,750,,5.1,,,,,,
Air Mauritius,,,Boeing 718,,200,,,4950,,761,,5.45,,,,,,
Casa Air Service,,,Boeing 719,,220,,,5400,,772,,5.8,,,,,,
Regional Air Lines,,,Boeing 720,,240,,,5850,,783,,6.15,,,,,,
Royal Air Maroc,,,Boeing 721,,260,,,6300,,794,,6.5,,,,,,
LAM Mozambique Airlines,,,Boeing 722,,280,,,6750,,805,,6.85,,,,,,
Moçambique Expresso,,,Boeing 723,,300,,,7200,,816,,7.2,,,,,,
Transairways,,,Boeing 747,,320,,,7650,,827,,7.55,,,,,,
Air Namibia,,,Boeing 748,,340,,,8100,,838,,7.9,,,,,,
Aero Contractors,,,Boeing 749,,360,,,8550,,849,,8.25,,,,,,
Arik Air,,,Boeing 750,,380,,,9000,,860,,8.6,,,,,,
Chanchangi Airlines,,,Boeing 751,,400,,,9450,,871,,8.95,,,,,,
IRS Airlines,,,Boeing 717,,420,,,9900,,882,,9.3,,,,,,
Overland Airways,,,Boeing 718,,440,,,10350,,893,,9.65,,,,,,
air peace,,,Boeing 719,,460,,,10800,,904,,10,,,,,,
Air Austral,,,Boeing 720,,480,,,11250,,915,,10.35,,,,,,
RwandAir,,,Boeing 721,,500,,,11700,,926,,10.7,,,,,,
STP Airways,,,Boeing 722,,520,,,12150,,937,,11.05,,,,,,
Air Seychelles,,,Boeing 723,,540,,,12600,,948,,11.4,,,,,,
Eagle Air,,,Cessna 421,,150,,,1300,,450,,3.3,,,,,,
Jubba Airways,,,Cessna 422,,160,,,1500,,465,,3.55,,,,,,
1Time Airline,,,Cessna 423,,170,,,1700,,480,,3.8,,,,,,
Airlink,,,Cessna 424,,180,,,1900,,495,,4.05,,,,,,
Comair,,,Cessna 425,,190,,,2100,,510,,4.3,,,,,,
Mango,,,Cessna 426,,200,,,2300,,525,,4.55,,,,,,
South African Airways,,,Cessna 427,,210,,,2500,,540,,4.8,,,,,,
South African Express,,,Cessna 428,,220,,,2700,,555,,5.05,,,,,,
Marsland Aviation,,,Cessna 429,,230,,,2900,,570,,5.3,,,,,,
Mid Airlines,,,Cessna 430,,240,,,3100,,585,,5.55,,,,,,
Nova Airline,,,Cessna 431,,250,,,3300,,600,,5.8,,,,,,
Sudan Airways,,,Cessna 432,,260,,,3500,,615,,6.05,,,,,,
Sun Air,,,Dassault Falcon 900,,168,,,1500,,460,,4.12,,,,,,
Badr Airlines,,,Dassault Falcon 901,,170,,,1600,,480,,4.35,,,,,,
Airlink Swaziland,,,Dassault Falcon 902,,172,,,1700,,500,,4.58,,,,,,
Air Tanzania,,,Dassault Falcon 903,,174,,,1800,,520,,4.81,,,,,,
Precision Air,,,Dassault Falcon 904,,176,,,1900,,540,,5.04,,,,,,
Regional Air,,,Dassault Falcon 905,,178,,,2000,,560,,5.27,,,,,,
ASKY Airlines,,,Dassault Falcon 906,,180,,,2100,,580,,5.5,,,,,,
Karthago Airlines,,,Dassault Falcon 907,,182,,,2200,,600,,5.73,,,,,,
Nouvelair Tunisia,,,Dassault Falcon 908,,184,,,2300,,620,,5.96,,,,,,
Tunisair,,,Dassault Falcon 909,,186,,,2400,,640,,6.19,,,,,,
TunisAir Express,,,Dassault Falcon 910,,188,,,2500,,660,,6.42,,,,,,
Eagle Air,,,Dassault Falcon 911,,190,,,2600,,680,,6.65,,,,,,
Airwaves Airlink,,,Dassault Falcon 912,,192,,,2700,,700,,6.88,,,,,,
Nationwide Airlines,,,Embraer Legacy 600,,180,,,2000,,500,,4.75,,,,,,
Proflight Zambia,,,Embraer Legacy 601,,184,,,2150,,510,,5,,,,,,
Air Zimbabwe,,,Embraer Legacy 602,,188,,,2300,,520,,5.25,,,,,,
Zimbabwe Airlink,,,Embraer Legacy 603,,192,,,2450,,530,,5.5,,,,,,
Ariana Afghan Airlines,,,Embraer Legacy 604,,196,,,2600,,540,,5.75,,,,,,
Kam Air,,,Embraer Legacy 605,,200,,,2750,,550,,6,,,,,,
Safi Airways,,,Embraer Legacy 606,,204,,,2900,,560,,6.25,,,,,,
Azerbaijan Airlines,,,Embraer Legacy 607,,208,,,3050,,570,,6.5,,,,,,
Turan Air,,,Embraer Legacy 608,,212,,,3200,,580,,6.75,,,,,,
Biman Bangladesh Airlines,,,Embraer Legacy 609,,216,,,3350,,590,,7,,,,,,
NovoAir,,,Embraer Legacy 610,,220,,,3500,,600,,7.25,,,,,,
Regent Airways,,,Embraer Legacy 611,,224,,,3650,,610,,7.5,,,,,,
United Airways,,,Embraer Legacy 612,,228,,,3800,,620,,7.75,,,,,,
US-Bangla Airlines,,,Embraer Legacy 613,,232,,,3950,,630,,8,,,,,,
Drukair,,,Gulfstream G500 ,,130,,,1000,,400,,2.7,,,,,,
Royal Brunei Airlines,,,Gulfstream G501,,140,,,1100,,410,,2.91,,,,,,
Aero Cambodia,,,Gulfstream G502,,150,,,1200,,420,,3.12,,,,,,
Cambodia Angkor Air,,,Gulfstream G503,,160,,,1300,,430,,3.33,,,,,,
Sky Wings Asia Airlines,,,Gulfstream G504,,170,,,1400,,440,,3.54,,,,,,
TonleSap Airlines,,,Gulfstream G505,,180,,,1500,,450,,3.75,,,,,,
Air China,,,Gulfstream G506,,190,,,1600,,460,,3.96,,,,,,
Beijing Capital Airlines,,,Gulfstream G507,,200,,,1700,,470,,4.17,,,,,,
Chengdu Airlines,,,Gulfstream G508,,210,,,1800,,480,,4.38,,,,,,
China Eastern Airlines,,,Gulfstream G509,,220,,,1900,,490,,4.59,,,,,,
China Express Airlines,,,Gulfstream G510,,230,,,2000,,500,,4.8,,,,,,
China Flying Dragon Aviation,,,Gulfstream G511,,240,,,2100,,510,,5.01,,,,,,
China Southern Airlines,,,Gulfstream G512,,250,,,2200,,520,,5.22,,,,,,
China United Airlines,,,Gulfstream G513,,260,,,2300,,530,,5.43,,,,,,
Chongqing Airlines,,,Gulfstream G514,,270,,,2400,,540,,5.64,,,,,,
Dalian Airlines,,,Gulfstream G515,,280,,,2500,,550,,5.85,,,,,,
Hainan Airlines,,,Gulfstream G516,,290,,,2600,,560,,6.06,,,,,,
Henan Airlines,,,McDonnell Douglas MD-90,,210,,,6000,,850,,6.6,,,,,,
Huaxia Airlines,,,McDonnell Douglas MD-91,,230,,,6400,,860,,6.9,,,,,,
Juneyao Airlines,,,McDonnell Douglas MD-92,,250,,,6800,,870,,7.2,,,,,,
Kunming Airlines,,,McDonnell Douglas MD-93,,270,,,7200,,880,,7.5,,,,,,
Lucky Air,,,McDonnell Douglas MD-94,,290,,,7600,,890,,7.8,,,,,,
Okay Airways,,,McDonnell Douglas MD-95,,310,,,8000,,900,,8.1,,,,,,
Shandong Airlines,,,McDonnell Douglas MD-96,,330,,,8400,,910,,8.4,,,,,,
Shanghai Airlines,,,McDonnell Douglas MD-97,,350,,,8800,,920,,8.7,,,,,,
Shenzhen Airlines,,,McDonnell Douglas MD-98,,370,,,9200,,930,,9,,,,,,
Sichuan Airlines,,,McDonnell Douglas MD-99,,390,,,9600,,940,,9.3,,,,,,
Spring Airlines,,,McDonnell Douglas MD-100,,410,,,10000,,950,,9.6,,,,,,
Tianjin Airlines ,,,McDonnell Douglas MD-101,,430,,,10400,,960,,9.9,,,,,,
West Air,,,McDonnell Douglas MD-102,,450,,,10800,,970,,10.2,,,,,,
XiamenAir,,,McDonnell Douglas MD-103,,470,,,11200,,980,,10.5,,,,,,
Cathay Pacific,,,McDonnell Douglas MD-104,,490,,,11600,,990,,10.8,,,,,,
Cathay Dragon,,,McDonnell Douglas MD-105,,510,,,12000,,1000,,11.1,,,,,,
HK Express,,,,,,,,,,,,,,,,,,
Hong Kong Airlines,,,,,,,,,,,,,,,,,,
Air Macau,,,,,,,,,,,,,,,,,,
Jet Asia,,,,,,,,,,,,,,,,,,
China Airlines,,,,,,,,,,,,,,,,,,
Daily Air,,,,,,,,,,,,,,,,,,
EVA Air,,,,,,,,,,,,,,,,,,
Far Eastern Air Transport,,,,,,,,,,,,,,,,,,
Mandarin Airlines,,,,,,,,,,,,,,,,,,
TransAsia Airways,,,,,,,,,,,,,,,,,,
Uni Air,,,,,,,,,,,,,,,,,,
Air Timor,,,,,,,,,,,,,,,,,,
Air Asia India,,,,,,,,,,,,,,,,,,
Air Deccan,,,,,,,,,,,,,,,,,,
Air India,,,,,,,,,,,,,,,,,,
Air-India Express,,,,,,,,,,,,,,,,,,
Air India Regional,,,,,,,,,,,,,,,,,,
AirAsia India,,,,,,,,,,,,,,,,,,
Air Odisha,,,,,,,,,,,,,,,,,,
Alliance Air,,,,,,,,,,,,,,,,,,
Go Air,,,,,,,,,,,,,,,,,,
IndiGo,,,,,,,,,,,,,,,,,,
Jet Airways,,,,,,,,,,,,,,,,,,
JetKonnect,,,,,,,,,,,,,,,,,,
SpiceJet,,,,,,,,,,,,,,,,,,
TruJet,,,,,,,,,,,,,,,,,,
Vistara,,,,,,,,,,,,,,,,,,
Zoom Air,,,,,,,,,,,,,,,,,,
Air Regional,,,,,,,,,,,,,,,,,,
Airfast Indonesia,,,,,,,,,,,,,,,,,,
Aviastar,,,,,,,,,,,,,,,,,,
Batik Air,,,,,,,,,,,,,,,,,,
Citilink,,,,,,,,,,,,,,,,,,
Garuda Indonesia,,,,,,,,,,,,,,,,,,
Indonesia Air Transport,,,,,,,,,,,,,,,,,,
Indonesia AirAsia,,,,,,,,,,,,,,,,,,
Jhonlin Air Transport,,,,,,,,,,,,,,,,,,
Kalstar Aviation,,,,,,,,,,,,,,,,,,
Kaltim Airlines,,,,,,,,,,,,,,,,,,
Lion Air,,,,,,,,,,,,,,,,,,
Mimika Air,,,,,,,,,,,,,,,,,,
Pelita Air Service,,,,,,,,,,,,,,,,,,
Sriwijaya Air,,,,,,,,,,,,,,,,,,
Susi Air,,,,,,,,,,,,,,,,,,
Wings Air,,,,,,,,,,,,,,,,,,
Air Do - Hokkaido International Airlines,,,,,,,,,,,,,,,,,,
AirAsia Japan,,,,,,,,,,,,,,,,,,
Airtransse,,,,,,,,,,,,,,,,,,
All Nippon Airways,,,,,,,,,,,,,,,,,,
Air Japan,,,,,,,,,,,,,,,,,,
ANA Wings,,,,,,,,,,,,,,,,,,
Amakusa Airlines,,,,,,,,,,,,,,,,,,
Fuji Dream Airlines,,,,,,,,,,,,,,,,,,
Ibex Airlines,,,,,,,,,,,,,,,,,,
Japan Airlines,,,,,,,,,,,,,,,,,,
Hokkaido Air System,,,,,,,,,,,,,,,,,,
J-Air,,,,,,,,,,,,,,,,,,
JAL Express,,,,,,,,,,,,,,,,,,
Japan Air Commuter,,,,,,,,,,,,,,,,,,
Japan Transocean Air,,,,,,,,,,,,,,,,,,
Ryukyu Air Commuter,,,,,,,,,,,,,,,,,,
Jetstar Japan,,,,,,,,,,,,,,,,,,
Kyokushin Air,,,,,,,,,,,,,,,,,,
New Central Airlines,,,,,,,,,,,,,,,,,,
Oriental Air Bridge,,,,,,,,,,,,,,,,,,
Peach,,,,,,,,,,,,,,,,,,
Skymark Airlines,,,,,,,,,,,,,,,,,,
Skynet Asia Airways,,,,,,,,,,,,,,,,,,
StarFlyer,,,,,,,,,,,,,,,,,,
Air Astana,,,,,,,,,,,,,,,,,,
Berkut Air,,,,,,,,,,,,,,,,,,
Euro-Asia Air,,,,,,,,,,,,,,,,,,
SCAT,,,,,,,,,,,,,,,,,,
Air Koryo,,,,,,,,,,,,,,,,,,
Air Busan,,,,,,,,,,,,,,,,,,
Air Seoul,,,,,,,,,,,,,,,,,,
Asiana Airlines,,,,,,,,,,,,,,,,,,
Eastar Jet,,,,,,,,,,,,,,,,,,
Jeju Air,,,,,,,,,,,,,,,,,,
Jin Air,,,,,,,,,,,,,,,,,,
Korean Air,,,,,,,,,,,,,,,,,,
T'way Airlines,,,,,,,,,,,,,,,,,,
Air Bishkek,,,,,,,,,,,,,,,,,,
Avia Traffic Company,,,,,,,,,,,,,,,,,,
Kyrgyzstan,,,,,,,,,,,,,,,,,,
Lao Airlines,,,,,,,,,,,,,,,,,,
Lao Central Airlines,,,,,,,,,,,,,,,,,,
Air Asia,,,,,,,,,,,,,,,,,,
AirAsia X,,,,,,,,,,,,,,,,,,
Berjaya Air,,,,,,,,,,,,,,,,,,
Firefly,,,,,,,,,,,,,,,,,,
Layang Layang Aerospace,,,,,,,,,,,,,,,,,,
Malaysia Airlines,,,,,,,,,,,,,,,,,,
Malindo Air,,,,,,,,,,,,,,,,,,
MASwings,,,,,,,,,,,,,,,,,,
Sabah Air,,,,,,,,,,,,,,,,,,
FlyMe,,,,,,,,,,,,,,,,,,
Island Aviation Services,,,,,,,,,,,,,,,,,,
Maldivian Air Taxi,,,,,,,,,,,,,,,,,,
Trans Maldivian Airways,,,,,,,,,,,,,,,,,,
Aero Mongolia,,,,,,,,,,,,,,,,,,
Eznis Airways,,,,,,,,,,,,,,,,,,
Hunnu Air,,,,,,,,,,,,,,,,,,
MIAT-Mongolian,,,,,,,,,,,,,,,,,,
Air Bagan,,,,,,,,,,,,,,,,,,
Air KBZ,,,,,,,,,,,,,,,,,,
Air Mandalay,,,,,,,,,,,,,,,,,,
APEX Airlines,,,,,,,,,,,,,,,,,,
Asian Wings Airways,,,,,,,,,,,,,,,,,,
FMI Air,,,,,,,,,,,,,,,,,,
Golden Myanmar Airlines,,,,,,,,,,,,,,,,,,
Mann Yatanarpon Airlines,,,,,,,,,,,,,,,,,,
Myanmar Airways International,,,,,,,,,,,,,,,,,,
Myanmar National Airlines,,,,,,,,,,,,,,,,,,
Yangon Airways,,,,,,,,,,,,,,,,,,
Buddha Air,,,,,,,,,,,,,,,,,,
Gorkha Airlines,,,,,,,,,,,,,,,,,,
Manang Air,,,,,,,,,,,,,,,,,,
Nepal Airlines,,,,,,,,,,,,,,,,,,
Yeti Airlines,,,,,,,,,,,,,,,,,,
Aero Asia International,,,,,,,,,,,,,,,,,,
Air Indus,,,,,,,,,,,,,,,,,,
Airblue,,,,,,,,,,,,,,,,,,
Askari Aviation,,,,,,,,,,,,,,,,,,
ASSL,,,,,,,,,,,,,,,,,,
Bhoja Air,,,,,,,,,,,,,,,,,,
PIA,,,,,,,,,,,,,,,,,,
Princely Jets,,,,,,,,,,,,,,,,,,
Rayyan Air,,,,,,,,,,,,,,,,,,
SereneAir,,,,,,,,,,,,,,,,,,
Shaheen Air,,,,,,,,,,,,,,,,,,
Star Air Aviation,,,,,,,,,,,,,,,,,,
Vision Air International,,,,,,,,,,,,,,,,,,
AirAsia Philippines,,,,,,,,,,,,,,,,,,
Cebu Pacific,,,,,,,,,,,,,,,,,,
Corporate Air,,,,,,,,,,,,,,,,,,
Interisland Airlines,,,,,,,,,,,,,,,,,,
Pacific Pearl Airways,,,,,,,,,,,,,,,,,,
Pacificair,,,,,,,,,,,,,,,,,,
PAL Express,,,,,,,,,,,,,,,,,,
Philippine Airlines,,,,,,,,,,,,,,,,,,
South East Asian Airlines,,,,,,,,,,,,,,,,,,
Spirit of Manila,,,,,,,,,,,,,,,,,,
Zest Airways,,,,,,,,,,,,,,,,,,
Jetstar Asia Airways,,,,,,,,,,,,,,,,,,
Scoot,,,,,,,,,,,,,,,,,,
SilkAir,,,,,,,,,,,,,,,,,,
Singapore Airlines,,,,,,,,,,,,,,,,,,
Tiger Airways,,,,,,,,,,,,,,,,,,
Valuair,,,,,,,,,,,,,,,,,,
Air Hybrid,,,,,,,,,,,,,,,,,,
Cinnamon Air,,,,,,,,,,,,,,,,,,
FitsAir,,,,,,,,,,,,,,,,,,
Helitours,,,,,,,,,,,,,,,,,,
Lankan Cargo,,,,,,,,,,,,,,,,,,
SriLankan Airlines,,,,,,,,,,,,,,,,,,
Yahapalanaya Airlines,,,,,,,,,,,,,,,,,,
SriLankan Cargo,,,,,,,,,,,,,,,,,,
Taiwan[edit],,,,,,,,,,,,,,,,,,
Somon Air,,,,,,,,,,,,,,,,,,
Tajik Air,,,,,,,,,,,,,,,,,,
Bangkok Airways,,,,,,,,,,,,,,,,,,
Nok Air,,,,,,,,,,,,,,,,,,
Orient Thai Airlines,,,,,,,,,,,,,,,,,,
Thai AirAsia,,,,,,,,,,,,,,,,,,
Thai Airways International,,,,,,,,,,,,,,,,,,
Thai Lion Air,,,,,,,,,,,,,,,,,,
Thai Smile,,,,,,,,,,,,,,,,,,
Thai Vietjet Air,,,,,,,,,,,,,,,,,,
Turkmenistan Airlines,,,,,,,,,,,,,,,,,,
Uzbekistan Airways,,,,,,,,,,,,,,,,,,
Air Mekong,,,,,,,,,,,,,,,,,,
Jetstar Pacific Airlines,,,,,,,,,,,,,,,,,,
VietJet Air,,,,,,,,,,,,,,,,,,
Vietnam Air Service Company,,,,,,,,,,,,,,,,,,
Vietnam Airlines,,,,,,,,,,,,,,,,,,
Inter Island Airways,,,,,,,,,,,,,,,,,,
Aeropelican Air Services,,,,,,,,,,,,,,,,,,
Air Link,,,,,,,,,,,,,,,,,,
Airlines of Tasmania,,,,,,,,,,,,,,,,,,
Airnorth,,,,,,,,,,,,,,,,,,
Alliance Airlines,,,,,,,,,,,,,,,,,,
Brindabella Airlines,,,,,,,,,,,,,,,,,,
Eastern Australia Airlines,,,,,,,,,,,,,,,,,,
Jetstar Airways,,,,,,,,,,,,,,,,,,
Maroomba Airlines,,,,,,,,,,,,,,,,,,
National Jet,,,,,,,,,,,,,,,,,,
Network Aviation,,,,,,,,,,,,,,,,,,
Qantas,,,,,,,,,,,,,,,,,,
QantasLink,,,,,,,,,,,,,,,,,,
Queensland Regional Airlines,,,,,,,,,,,,,,,,,,
Regional Express Airlines,,,,,,,,,,,,,,,,,,
Skippers Aviation,,,,,,,,,,,,,,,,,,
Skytrans Airlines,,,,,,,,,,,,,,,,,,
Sunstate Airlines,,,,,,,,,,,,,,,,,,
Tiger Airways Australia,,,,,,,,,,,,,,,,,,
V Australia,,,,,,,,,,,,,,,,,,
Virgin Australia,,,,,,,,,,,,,,,,,,
Virgin Australia Regional Airlines,,,,,,,,,,,,,,,,,,
Air Rarotonga,,,,,,,,,,,,,,,,,,
Fiji Airways,,,,,,,,,,,,,,,,,,
Pacific Island Air,,,,,,,,,,,,,,,,,,
Pacific Sun,,,,,,,,,,,,,,,,,,
Air Tahiti,,,,,,,,,,,,,,,,,,
Air Tahiti Nui,,,,,,,,,,,,,,,,,,
Continental Micronesia,,,,,,,,,,,,,,,,,,
Freedom Air,,,,,,,,,,,,,,,,,,
Air Kiribati,,,,,,,,,,,,,,,,,,
Coral Sun Airways,,,,,,,,,,,,,,,,,,
Air Marshall Islands,,,,,,,,,,,,,,,,,,
Our Airline,,,,,,,,,,,,,,,,,,
Air Caledonie,,,,,,,,,,,,,,,,,,
Aircalin,,,,,,,,,,,,,,,,,,
Air Chathams,,,,,,,,,,,,,,,,,,
Air Nelson,,,,,,,,,,,,,,,,,,
Air New Zealand,,,,,,,,,,,,,,,,,,
Aspiring Air,,,,,,,,,,,,,,,,,,
Eagle Airways,,,,,,,,,,,,,,,,,,
Jetconnect,,,,,,,,,,,,,,,,,,
Mount Cook Airline,,,,,,,,,,,,,,,,,,
Belau Air,,,,,,,,,,,,,,,,,,
Air Niugini,,,,,,,,,,,,,,,,,,
Airlines PNG,,,,,,,,,,,,,,,,,,
Asia Pacific Airlines,,,,,,,,,,,,,,,,,,
Islands Nationair,,,,,,,,,,,,,,,,,,
Polynesian Airlines,,,,,,,,,,,,,,,,,,
Polynesian Blue,,,,,,,,,,,,,,,,,,
Solomon Airlines,,,,,,,,,,,,,,,,,,
Air Vanuatu,,,,,,,,,,,,,,,,,,
Anguilla Air Services,,,,,,,,,,,,,,,,,,
Trans Anguilla Airways,,,,,,,,,,,,,,,,,,
LIAT,,,,,,,,,,,,,,,,,,
Tiara Air,,,,,,,,,,,,,,,,,,
Bahamasair,,,,,,,,,,,,,,,,,,
Cat Island Air,,,,,,,,,,,,,,,,,,
Maya Island Air,,,,,,,,,,,,,,,,,,
Tropic Air,,,,,,,,,,,,,,,,,,
BVI Airways,,,,,,,,,,,,,,,,,,
Cayman Airways,,,,,,,,,,,,,,,,,,
Air Charter Service,,,,,,,,,,,,,,,,,,
Lacsa,,,,,,,,,,,,,,,,,,
Nature Air,,,,,,,,,,,,,,,,,,
SANSA,,,,,,,,,,,,,,,,,,
Ticos Air,,,,,,,,,,,,,,,,,,
Aero Caribbean,,,,,,,,,,,,,,,,,,
Aerogaviota,,,,,,,,,,,,,,,,,,
Cubana de Aviación,,,,,,,,,,,,,,,,,,
E-Liner Airways,,,,,,,,,,,,,,,,,,
Insel Air,,,,,,,,,,,,,,,,,,
Aerolíneas Mas,,,,,,,,,,,,,,,,,,
Caribbean Air Sign,,,,,,,,,,,,,,,,,,
PAWA Dominicana,,,,,,,,,,,,,,,,,,
Servicios Aéreos Profesionales,,,,,,,,,,,,,,,,,,
TACA,,,,,,,,,,,,,,,,,,
Air Antilles Express,,,,,,,,,,,,,,,,,,
Air Caraïbes,,,,,,,,,,,,,,,,,,
Aviateca,,,,,,,,,,,,,,,,,,
Guatemala-Inter,,,,,,,,,,,,,,,,,,
Mayan World Airlines,,,,,,,,,,,,,,,,,,
Salsa d'Haiti,,,,,,,,,,,,,,,,,,
Sunrise Airways,,,,,,,,,,,,,,,,,,
Aerolíneas Sosa,,,,,,,,,,,,,,,,,,
Atlantic Airlines de Honduras,,,,,,,,,,,,,,,,,,
Central American Airways,,,,,,,,,,,,,,,,,,
Isleña Airlines,,,,,,,,,,,,,,,,,,
TACA de Honduras,,,,,,,,,,,,,,,,,,
Jamaica Air Shuttle,,,,,,,,,,,,,,,,,,
Skylan Airways,,,,,,,,,,,,,,,,,,
TimAir,,,,,,,,,,,,,,,,,,
FlyMontserrat,,,,,,,,,,,,,,,,,,
La Costeña,,,,,,,,,,,,,,,,,,
Aeroperlas,,,,,,,,,,,,,,,,,,
Alas Chiricanas,,,,,,,,,,,,,,,,,,
Copa Airlines,,,,,,,,,,,,,,,,,,
Air Culebra,,,,,,,,,,,,,,,,,,
Executive Air,,,,,,,,,,,,,,,,,,
Flamenco Air,,,,,,,,,,,,,,,,,,
Isla Nena Air,,,,,,,,,,,,,,,,,,
San Juan Aviation,,,,,,,,,,,,,,,,,,
Vieques Air Link,,,,,,,,,,,,,,,,,,
St Barth Commuter,,,,,,,,,,,,,,,,,,
Mustique Airways,,,,,,,,,,,,,,,,,,
SVG Air,,,,,,,,,,,,,,,,,,
Windward Islands Airways,,,,,,,,,,,,,,,,,,
Caribbean Airlines,,,,,,,,,,,,,,,,,,
Tobago Express,,,,,,,,,,,,,,,,,,
Air Turks and Caicos,,,,,,,,,,,,,,,,,,
Seaborne Airlines,,,,,,,,,,,,,,,,,,
Air Armenia,,,,,,,,,,,,,,,,,,
Atlantis European Airways,,,,,,,,,,,,,,,,,,
Austrian Airlines,,,,,,,,,,,,,,,,,,
InterSky,,,,,,,,,,,,,,,,,,
Tyrolean Airways,,,,,,,,,,,,,,,,,,
Welcome Air,,,,,,,,,,,,,,,,,,
Belavia,,,,,,,,,,,,,,,,,,
Brussels Airlines,,,,,,,,,,,,,,,,,,
Jetairfly,,,,,,,,,,,,,,,,,,
Thomas Cook Airlines Belgium,,,,,,,,,,,,,,,,,,
Air VIA,,,,,,,,,,,,,,,,,,
BH Air,,,,,,,,,,,,,,,,,,
Bulgaria Air,,,,,,,,,,,,,,,,,,
Bulgarian Air Charter,,,,,,,,,,,,,,,,,,
Croatia Airlines,,,,,,,,,,,,,,,,,,
Trade Air,,,,,,,,,,,,,,,,,,
Zadar Airlines,,,,,,,,,,,,,,,,,,
Czech Airlines,,,,,,,,,,,,,,,,,,
SmartWings,,,,,,,,,,,,,,,,,,
Travel Service,,,,,,,,,,,,,,,,,,
Cobalt Air,,,,,,,,,,,,,,,,,,
Air Alsie,,,,,,,,,,,,,,,,,,
Copenhagen Air Taxi,,,,,,,,,,,,,,,,,,
DAT - Danish Air Transport,,,,,,,,,,,,,,,,,,
Jet Time,,,,,,,,,,,,,,,,,,
Scandinavian Airlines,,,,,,,,,,,,,,,,,,
Sun Air of Scandinavia,,,,,,,,,,,,,,,,,,
Avies,,,,,,,,,,,,,,,,,,
Enimex,,,,,,,,,,,,,,,,,,
Estonian Air,,,,,,,,,,,,,,,,,,
Atlantic Airways,,,,,,,,,,,,,,,,,,
Air Åland,,,,,,,,,,,,,,,,,,
Copterline,,,,,,,,,,,,,,,,,,
Finnair,,,,,,,,,,,,,,,,,,
Flybe Nordic,,,,,,,,,,,,,,,,,,
Aigle Azur,,,,,,,,,,,,,,,,,,
Air Corsica,,,,,,,,,,,,,,,,,,
Air France,,,,,,,,,,,,,,,,,,
Corsair International,,,,,,,,,,,,,,,,,,
Finist'air,,,,,,,,,,,,,,,,,,
Twin Jet,,,,,,,,,,,,,,,,,,
XL Airways France,,,,,,,,,,,,,,,,,,
Georgian Airways,,,,,,,,,,,,,,,,,,
Georgian National Airlines,,,,,,,,,,,,,,,,,,
Aero Dienst,,,,,,,,,,,,,,,,,,
Avanti Air,,,,,,,,,,,,,,,,,,
Condor,,,,,,,,,,,,,,,,,,
Eurowings,,,,,,,,,,,,,,,,,,
FLN Frisia Luftverkehr,,,,,,,,,,,,,,,,,,
Germania,,,,,,,,,,,,,,,,,,
Germanwings,,,,,,,,,,,,,,,,,,
LFH - Luftverkehr Friesland Harle,,,,,,,,,,,,,,,,,,
Luftfahrtgesellschaft Walter,,,,,,,,,,,,,,,,,,
Lufthansa,,,,,,,,,,,,,,,,,,
Lufthansa CityLine,,,,,,,,,,,,,,,,,,
Lufttaxi Fluggesellschaft,,,,,,,,,,,,,,,,,,
Private Wings Flugcharter,,,,,,,,,,,,,,,,,,
Rheinair,,,,,,,,,,,,,,,,,,
Stuttgarter Flugdienst,,,,,,,,,,,,,,,,,,
Sylt Air,,,,,,,,,,,,,,,,,,
TUIfly,,,,,,,,,,,,,,,,,,
WDL Aviation,,,,,,,,,,,,,,,,,,
Aegean Airlines,,,,,,,,,,,,,,,,,,
Astra Airlines,,,,,,,,,,,,,,,,,,
Bluebird Airways,,,,,,,,,,,,,,,,,,
Minoan Air,,,,,,,,,,,,,,,,,,
Olympic Air,,,,,,,,,,,,,,,,,,
Sky Express,,,,,,,,,,,,,,,,,,
Air Greenland,,,,,,,,,,,,,,,,,,
CityLine Hungary,,,,,,,,,,,,,,,,,,
Travel Service,,,,,,,,,,,,,,,,,,
Wizz Air,,,,,,,,,,,,,,,,,,
Air Atlanta Icelandic,,,,,,,,,,,,,,,,,,
Air Iceland,,,,,,,,,,,,,,,,,,
Icelandair,,,,,,,,,,,,,,,,,,
WOW air,,,,,,,,,,,,,,,,,,
Aer Lingus,,,,,,,,,,,,,,,,,,
ASL Airlines Ireland,,,,,,,,,,,,,,,,,,
CityJet,,,,,,,,,,,,,,,,,,
Ryanair,,,,,,,,,,,,,,,,,,
Stobart Air,,,,,,,,,,,,,,,,,,
Air Dolomiti,,,,,,,,,,,,,,,,,,
Air Italy,,,,,,,,,,,,,,,,,,
Air Sal,,,,,,,,,,,,,,,,,,
Air Vallée,,,,,,,,,,,,,,,,,,
Alidaunia,,,,,,,,,,,,,,,,,,
Alitalia,,,,,,,,,,,,,,,,,,
Alitalia Cityliner,,,,,,,,,,,,,,,,,,
Blu-express,,,,,,,,,,,,,,,,,,
Blue Panorama Airlines,,,,,,,,,,,,,,,,,,
Eurofly,,,,,,,,,,,,,,,,,,
Evolavia,,,,,,,,,,,,,,,,,,
Italia Jet,,,,,,,,,,,,,,,,,,
Meridiana,,,,,,,,,,,,,,,,,,
Mistral Air,,,,,,,,,,,,,,,,,,
Neos,,,,,,,,,,,,,,,,,,
airBaltic,,,,,,,,,,,,,,,,,,
SmartLynx Airlines,,,,,,,,,,,,,,,,,,
Comlux,,,,,,,,,,,,,,,,,,
Global Jet Luxembourg,,,,,,,,,,,,,,,,,,
Luxair,,,,,,,,,,,,,,,,,,
Luxaviation,,,,,,,,,,,,,,,,,,
Air Malta,,,,,,,,,,,,,,,,,,
Medavia,,,,,,,,,,,,,,,,,,
Air Moldova,,,,,,,,,,,,,,,,,,
Tandem Aero,,,,,,,,,,,,,,,,,,
Heli Air Monaco,,,,,,,,,,,,,,,,,,
Arkefly,,,,,,,,,,,,,,,,,,
Corendon Dutch Airlines,,,,,,,,,,,,,,,,,,
Denim Air,,,,,,,,,,,,,,,,,,
KLM Cityhopper,,,,,,,,,,,,,,,,,,
KLM Royal Dutch Airlines,,,,,,,,,,,,,,,,,,
Transavia,,,,,,,,,,,,,,,,,,
MAT Macedonian Airlines,,,,,,,,,,,,,,,,,,
Star Airlines,,,,,,,,,,,,,,,,,,
Bergen Air Transport,,,,,,,,,,,,,,,,,,
Classic Norway Air,,,,,,,,,,,,,,,,,,
Fonnafly,,,,,,,,,,,,,,,,,,
Norwegian Air Shuttle,,,,,,,,,,,,,,,,,,
Scandinavian Airlines,,,,,,,,,,,,,,,,,,
Sundt Air,,,,,,,,,,,,,,,,,,
Widerøe,,,,,,,,,,,,,,,,,,
Enter Air,,,,,,,,,,,,,,,,,,
Eurolot,,,,,,,,,,,,,,,,,,
FlyJet,,,,,,,,,,,,,,,,,,
IBEX,,,,,,,,,,,,,,,,,,
LOT Charters,,,,,,,,,,,,,,,,,,
LOT Polish Airlines,,,,,,,,,,,,,,,,,,
SkyTaxi,,,,,,,,,,,,,,,,,,
Aerocondor,,,,,,,,,,,,,,,,,,
Portugália,,,,,,,,,,,,,,,,,,
SATA Air Acores,,,,,,,,,,,,,,,,,,
SATA International,,,,,,,,,,,,,,,,,,
TAP Portugal,,,,,,,,,,,,,,,,,,
White,,,,,,,,,,,,,,,,,,
Blue Air,,,,,,,,,,,,,,,,,,
Carpatair,,,,,,,,,,,,,,,,,,
Jet Tran Air,,,,,,,,,,,,,,,,,,
TAROM,,,,,,,,,,,,,,,,,,
AeroBratsk,,,,,,,,,,,,,,,,,,
Aeroflot,,,,,,,,,,,,,,,,,,
Alrosa-Avia,,,,,,,,,,,,,,,,,,
Angara Airlines,,,,,,,,,,,,,,,,,,
Avcom,,,,,,,,,,,,,,,,,,
Aviastar-TU,,,,,,,,,,,,,,,,,,
Bugulma Air Enterprise,,,,,,,,,,,,,,,,,,
Bural,,,,,,,,,,,,,,,,,,
Bylina,,,,,,,,,,,,,,,,,,
Chukotavia,,,,,,,,,,,,,,,,,,
Donavia,,,,,,,,,,,,,,,,,,
Gazpromavia,,,,,,,,,,,,,,,,,,
Izhavia,,,,,,,,,,,,,,,,,,
Kazan Air Enterprise,,,,,,,,,,,,,,,,,,
Kogalymavia,,,,,,,,,,,,,,,,,,
Komiaviatrans,,,,,,,,,,,,,,,,,,
Moskovia Airlines,,,,,,,,,,,,,,,,,,
Nordavia,,,,,,,,,,,,,,,,,,
NordStar,,,,,,,,,,,,,,,,,,
Petropavlovsk-Kamchatsky Air Enterprise,,,,,,,,,,,,,,,,,,
Polet Airlines,,,,,,,,,,,,,,,,,,
Red Wings Airlines,,,,,,,,,,,,,,,,,,
Rossiya,,,,,,,,,,,,,,,,,,
S7 Airlines,,,,,,,,,,,,,,,,,,
Saravia,,,,,,,,,,,,,,,,,,
Tomskavia,,,,,,,,,,,,,,,,,,
Ural Airlines,,,,,,,,,,,,,,,,,,
UTair Aviation,,,,,,,,,,,,,,,,,,
Volga-Dnepr,,,,,,,,,,,,,,,,,,
Vologda Aviation Enterprise,,,,,,,,,,,,,,,,,,
Vostok Aviation Company,,,,,,,,,,,,,,,,,,
Yakutia Airlines,,,,,,,,,,,,,,,,,,
Yamal Airlines,,,,,,,,,,,,,,,,,,
Air Serbia,,,,,,,,,,,,,,,,,,
Airpink,,,,,,,,,,,,,,,,,,
Aero Slovakia,,,,,,,,,,,,,,,,,,
AirExplore,,,,,,,,,,,,,,,,,,
Danube Wings,,,,,,,,,,,,,,,,,,
SAM Air,,,,,,,,,,,,,,,,,,
Travel Service,,,,,,,,,,,,,,,,,,
Adria Airways,,,,,,,,,,,,,,,,,,
Solinair,,,,,,,,,,,,,,,,,,
Aeronova,,,,,,,,,,,,,,,,,,
Air Este,,,,,,,,,,,,,,,,,,
Air Europa,,,,,,,,,,,,,,,,,,
Air Granada,,,,,,,,,,,,,,,,,,
Air Horizont,,,,,,,,,,,,,,,,,,
Air Nostrum,,,,,,,,,,,,,,,,,,
Air Pack Express,,,,,,,,,,,,,,,,,,
Alaire,,,,,,,,,,,,,,,,,,
Audeli Air,,,,,,,,,,,,,,,,,,
Binter Canarias,,,,,,,,,,,,,,,,,,
BKS Air,,,,,,,,,,,,,,,,,,
Bravo Airlines,,,,,,,,,,,,,,,,,,
Cygnus Air,,,,,,,,,,,,,,,,,,
Euro Continental Air,,,,,,,,,,,,,,,,,,
Fly LPI,,,,,,,,,,,,,,,,,,
FlyAnt,,,,,,,,,,,,,,,,,,
Gadair,,,,,,,,,,,,,,,,,,
Hola Airlines,,,,,,,,,,,,,,,,,,
Iberia,,,,,,,,,,,,,,,,,,
Iberia Express,,,,,,,,,,,,,,,,,,
Ibertrans Aérea,,,,,,,,,,,,,,,,,,
Intermediación Aérea,,,,,,,,,,,,,,,,,,
Islas Airways,,,,,,,,,,,,,,,,,,
Naysa Aerotaxis,,,,,,,,,,,,,,,,,,
OrionAir,,,,,,,,,,,,,,,,,,
Plaza Servicios Aéreos,,,,,,,,,,,,,,,,,,
Serair,,,,,,,,,,,,,,,,,,
Swiftair,,,,,,,,,,,,,,,,,,
Top Fly,,,,,,,,,,,,,,,,,,
Volotea,,,,,,,,,,,,,,,,,,
Vueling,,,,,,,,,,,,,,,,,,
Vuelos Mediterraneo,,,,,,,,,,,,,,,,,,
Wamos Air,,,,,,,,,,,,,,,,,,
Zorex Air Transport,,,,,,,,,,,,,,,,,,
Avitrans,,,,,,,,,,,,,,,,,,
Direktflyg,,,,,,,,,,,,,,,,,,
Golden Air,,,,,,,,,,,,,,,,,,
Gotlandsflyg,,,,,,,,,,,,,,,,,,
International Business Air,,,,,,,,,,,,,,,,,,
Kullaflyg,,,,,,,,,,,,,,,,,,
Malmö Aviation,,,,,,,,,,,,,,,,,,
Nordic Regional,,,,,,,,,,,,,,,,,,
Nordkalottflyg,,,,,,,,,,,,,,,,,,
Novair,,,,,,,,,,,,,,,,,,
Scandinavian Airlines,,,,,,,,,,,,,,,,,,
Skyways Express,,,,,,,,,,,,,,,,,,
Snålskjuten,,,,,,,,,,,,,,,,,,
Stockholmsplanet,,,,,,,,,,,,,,,,,,
Sundsvallsflyg,,,,,,,,,,,,,,,,,,
Viking Airlines,,,,,,,,,,,,,,,,,,
Air Glaciers,,,,,,,,,,,,,,,,,,
Air Prishtina,,,,,,,,,,,,,,,,,,
Club Airways International,,,,,,,,,,,,,,,,,,
Connect Air,,,,,,,,,,,,,,,,,,
Darwin Airline,,,,,,,,,,,,,,,,,,
easyJet Switzerland,,,,,,,,,,,,,,,,,,
Edelweiss Air,,,,,,,,,,,,,,,,,,
Helvetic Airways,,,,,,,,,,,,,,,,,,
Jet Aviation,,,,,,,,,,,,,,,,,,
Jetclub,,,,,,,,,,,,,,,,,,
Ju-Air,,,,,,,,,,,,,,,,,,
PrivatAir,,,,,,,,,,,,,,,,,,
Sky Work Airlines,,,,,,,,,,,,,,,,,,
Swiss Global Air Lines,,,,,,,,,,,,,,,,,,
Swiss International Air Lines,,,,,,,,,,,,,,,,,,
Anadolu Jet,,,,,,,,,,,,,,,,,,
Atlasjet,,,,,,,,,,,,,,,,,,
Corendon Airlines,,,,,,,,,,,,,,,,,,
Freebird Airlines,,,,,,,,,,,,,,,,,,
Izmir Airlines,,,,,,,,,,,,,,,,,,
Onur Air,,,,,,,,,,,,,,,,,,
Pegasus Airlines,,,,,,,,,,,,,,,,,,
Saga Airlines,,,,,,,,,,,,,,,,,,
Sky Airlines,,,,,,,,,,,,,,,,,,
SunExpress,,,,,,,,,,,,,,,,,,
Turkish Airlines,,,,,,,,,,,,,,,,,,
Aeromist-Kharkiv,,,,,,,,,,,,,,,,,,
Air Kharkov,,,,,,,,,,,,,,,,,,
Air Urga,,,,,,,,,,,,,,,,,,
Antonov Airlines,,,,,,,,,,,,,,,,,,
Constanta Airline,,,,,,,,,,,,,,,,,,
Dniproavia,,,,,,,,,,,,,,,,,,
Khors Aircompany,,,,,,,,,,,,,,,,,,
Lvov Airlines,,,,,,,,,,,,,,,,,,
Motor Sich Airlines,,,,,,,,,,,,,,,,,,
Odessa Airlines,,,,,,,,,,,,,,,,,,
Podilia-Avia,,,,,,,,,,,,,,,,,,
South Airlines,,,,,,,,,,,,,,,,,,
Tavrey Airlines,,,,,,,,,,,,,,,,,,
Ukraine Air Alliance,,,,,,,,,,,,,,,,,,
Ukraine International Airlines,,,,,,,,,,,,,,,,,,
UM Airlines,,,,,,,,,,,,,,,,,,
Volare Airlines,,,,,,,,,,,,,,,,,,
Yuzhmashavia,,,,,,,,,,,,,,,,,,
Air Atlantique,,,,,,,,,,,,,,,,,,
Air Wales,,,,,,,,,,,,,,,,,,
Aurigny,,,,,,,,,,,,,,,,,,
Blue Islands,,,,,,,,,,,,,,,,,,
BMI Regional,,,,,,,,,,,,,,,,,,
British Airways,,,,,,,,,,,,,,,,,,
Eastern Airways,,,,,,,,,,,,,,,,,,
easyJet,,,,,,,,,,,,,,,,,,
Flybe,,,,,,,,,,,,,,,,,,
Highland Airways,,,,,,,,,,,,,,,,,,
Isles of Scilly Skybus,,,,,,,,,,,,,,,,,,
Loganair,,,,,,,,,,,,,,,,,,
Lydd Air,,,,,,,,,,,,,,,,,,
Thomas Cook Airlines,,,,,,,,,,,,,,,,,,
Thomson Airways,,,,,,,,,,,,,,,,,,
Titan Airways,,,,,,,,,,,,,,,,,,
Virgin Atlantic Airways,,,,,,,,,,,,,,,,,,
Gulf Air,,,,,,,,,,,,,,,,,,
Aria Tour,,,,,,,,,,,,,,,,,,
Ata Airlines,,,,,,,,,,,,,,,,,,
Atrak Airlines,,,,,,,,,,,,,,,,,,
Caspian Airlines,,,,,,,,,,,,,,,,,,
Eram Air,,,,,,,,,,,,,,,,,,
Iran Air,,,,,,,,,,,,,,,,,,
Iran Aseman Airlines,,,,,,,,,,,,,,,,,,
Iran Airtours,,,,,,,,,,,,,,,,,,
Kish Air,,,,,,,,,,,,,,,,,,
Mahan Air,,,,,,,,,,,,,,,,,,
Meraj Airlines,,,,,,,,,,,,,,,,,,
Pouya Air,,,,,,,,,,,,,,,,,,
Qeshm Air,,,,,,,,,,,,,,,,,,
Safat Airlines,,,,,,,,,,,,,,,,,,
Safiran Airlines,,,,,,,,,,,,,,,,,,
Saha Airlines,,,,,,,,,,,,,,,,,,
Sahand Airlines,,,,,,,,,,,,,,,,,,
Sepehran Airlines,,,,,,,,,,,,,,,,,,
Simorgh Airlines,,,,,,,,,,,,,,,,,,
Taban Airlines,,,,,,,,,,,,,,,,,,
Tehran Air,,,,,,,,,,,,,,,,,,
Varesh Airlines,,,,,,,,,,,,,,,,,,
Zagros Airlines,,,,,,,,,,,,,,,,,,
Al-Naser Airlines,,,,,,,,,,,,,,,,,,
Iraqi Airways,,,,,,,,,,,,,,,,,,
Kurdistan Airlines,,,,,,,,,,,,,,,,,,
Arkia Airlines,,,,,,,,,,,,,,,,,,
Chim-Nir Aviation,,,,,,,,,,,,,,,,,,
El Al,,,,,,,,,,,,,,,,,,
Israir,,,,,,,,,,,,,,,,,,
Orange Aviation,,,,,,,,,,,,,,,,,,
Sun D'Or,,,,,,,,,,,,,,,,,,
Air Universal,,,,,,,,,,,,,,,,,,
Jordan Aviation,,,,,,,,,,,,,,,,,,
Petra Airlines,,,,,,,,,,,,,,,,,,
Raya Jet,,,,,,,,,,,,,,,,,,
Royal Jordanian,,,,,,,,,,,,,,,,,,
Royal Wings Airlines,,,,,,,,,,,,,,,,,,
Teebah Airlines,,,,,,,,,,,,,,,,,,
Jazeera Airways,,,,,,,,,,,,,,,,,,
Kuwait Airways,,,,,,,,,,,,,,,,,,
Wataniya Airways,,,,,,,,,,,,,,,,,,
Berytos Airlines,,,,,,,,,,,,,,,,,,
Globe Jet,,,,,,,,,,,,,,,,,,
Lebanese Air Transport,,,,,,,,,,,,,,,,,,
MenaJet,,,,,,,,,,,,,,,,,,
Middle East Airlines,,,,,,,,,,,,,,,,,,
Wings of Lebanon,,,,,,,,,,,,,,,,,,
Oman Air,,,,,,,,,,,,,,,,,,
SalamAir,,,,,,,,,,,,,,,,,,
Qatar Airways,,,,,,,,,,,,,,,,,,
Nas Air,,,,,,,,,,,,,,,,,,
Saudi Arabian Airlines,,,,,,,,,,,,,,,,,,
Saudi Gulf Airlines,,,,,,,,,,,,,,,,,,
Nesma Airlines,,,,,,,,,,,,,,,,,,
Flyadeal,,,,,,,,,,,,,,,,,,
Cham Wings Airlines,,,,,,,,,,,,,,,,,,
FlyDamas,,,,,,,,,,,,,,,,,,
Kinda Airlines,,,,,,,,,,,,,,,,,,
Syrian Arab Airlines,,,,,,,,,,,,,,,,,,
Syrian Pearl Airlines,,,,,,,,,,,,,,,,,,
Abu Dhabi Aviation,,,,,,,,,,,,,,,,,,
Aerovista Airlines,,,,,,,,,,,,,,,,,,
Air Arabia,,,,,,,,,,,,,,,,,,
Aria Air,,,,,,,,,,,,,,,,,,
Dolphin Air,,,,,,,,,,,,,,,,,,
Emirates Airline,,,,,,,,,,,,,,,,,,
Etihad Airways,,,,,,,,,,,,,,,,,,
Flydubai,,,,,,,,,,,,,,,,,,
Pluto Airlines,,,,,,,,,,,,,,,,,,
Reem Air,,,,,,,,,,,,,,,,,,
Royal Jet,,,,,,,,,,,,,,,,,,
StarJet,,,,,,,,,,,,,,,,,,
Felix Airways,,,,,,,,,,,,,,,,,,
Yemenia,,,,,,,,,,,,,,,,,,
Air Canada,,,,,,,,,,,,,,,,,,
Air Canada Express,,,,,,,,,,,,,,,,,,
Air Canada Jazz,,,,,,,,,,,,,,,,,,
Air Canada Jetz,,,,,,,,,,,,,,,,,,
Air Canada Rouge,,,,,,,,,,,,,,,,,,
Air Creebec,,,,,,,,,,,,,,,,,,
Air Georgian,,,,,,,,,,,,,,,,,,
Air Inuit,,,,,,,,,,,,,,,,,,
Air Labrador,,,,,,,,,,,,,,,,,,
Air Mikisew,,,,,,,,,,,,,,,,,,
Air North,,,,,,,,,,,,,,,,,,
Air Nunavut,,,,,,,,,,,,,,,,,,
Air Saguenay,,,,,,,,,,,,,,,,,,
Air Satellite,,,,,,,,,,,,,,,,,,
Air Southwest,,,,,,,,,,,,,,,,,,
Air Tindi,,,,,,,,,,,,,,,,,,
Air Transat,,,,,,,,,,,,,,,,,,
Aklak Air,,,,,,,,,,,,,,,,,,
Alberta Citylink,,,,,,,,,,,,,,,,,,
Alkan Air,,,,,,,,,,,,,,,,,,
Alta Flights,,,,,,,,,,,,,,,,,,
Bar XH Air,,,,,,,,,,,,,,,,,,
Bearskin Airlines,,,,,,,,,,,,,,,,,,
Buffalo Airways,,,,,,,,,,,,,,,,,,
Calm Air,,,,,,,,,,,,,,,,,,
Canadian Metro Airlines,,,,,,,,,,,,,,,,,,
Canadian North,,,,,,,,,,,,,,,,,,
CanJet,,,,,,,,,,,,,,,,,,
Central Mountain Air,,,,,,,,,,,,,,,,,,
CHC Helicopter,,,,,,,,,,,,,,,,,,
Corporate Express,,,,,,,,,,,,,,,,,,
Cougar Helicopters,,,,,,,,,,,,,,,,,,
First Air,,,,,,,,,,,,,,,,,,
Harbour Air,,,,,,,,,,,,,,,,,,
Hawkair,,,,,,,,,,,,,,,,,,
HeliJet,,,,,,,,,,,,,,,,,,
Innu Mikun Airlines,,,,,,,,,,,,,,,,,,
KD Air,,,,,,,,,,,,,,,,,,
Keewatin Air,,,,,,,,,,,,,,,,,,
Kenn Borek Air,,,,,,,,,,,,,,,,,,
Keystone Air Service,,,,,,,,,,,,,,,,,,
Kivalliq Air,,,,,,,,,,,,,,,,,,
Lakeland Aviation,,,,,,,,,,,,,,,,,,
Nolinor Aviation,,,,,,,,,,,,,,,,,,
Northwestern Air,,,,,,,,,,,,,,,,,,
Pacific Coastal Airlines,,,,,,,,,,,,,,,,,,
Perimeter Aviation,,,,,,,,,,,,,,,,,,
Porter Airlines,,,,,,,,,,,,,,,,,,
Prince Edward Air,,,,,,,,,,,,,,,,,,
Provincial Airlines,,,,,,,,,,,,,,,,,,
Regional 1,,,,,,,,,,,,,,,,,,
SkyLink Aviation,,,,,,,,,,,,,,,,,,
Skyservice,,,,,,,,,,,,,,,,,,
Skyxpress Airline,,,,,,,,,,,,,,,,,,
Summit Air,,,,,,,,,,,,,,,,,,
Sunwest Aviation,,,,,,,,,,,,,,,,,,
Sunwing Airlines,,,,,,,,,,,,,,,,,,
Thunder Airlines,,,,,,,,,,,,,,,,,,
Tofino Air,,,,,,,,,,,,,,,,,,
Transwest Air,,,,,,,,,,,,,,,,,,
Universal Helicopters,,,,,,,,,,,,,,,,,,
Vancouver Island Air,,,,,,,,,,,,,,,,,,
Voyageur Airways,,,,,,,,,,,,,,,,,,
Wasaya Airways,,,,,,,,,,,,,,,,,,
West Coast Air,,,,,,,,,,,,,,,,,,
West Wind Aviation,,,,,,,,,,,,,,,,,,
WestJet,,,,,,,,,,,,,,,,,,
White River Air,,,,,,,,,,,,,,,,,,
Air Greenland,,,,,,,,,,,,,,,,,,
Aero Cuahonte,,,,,,,,,,,,,,,,,,
Aerolitoral,,,,,,,,,,,,,,,,,,
Aeromar,,,,,,,,,,,,,,,,,,
Aeroméxico,,,,,,,,,,,,,,,,,,
Aeroméxico Connect,,,,,,,,,,,,,,,,,,
Aviacsa,,,,,,,,,,,,,,,,,,
Click Méxicana,,,,,,,,,,,,,,,,,,
Global Air,,,,,,,,,,,,,,,,,,
Interjet,,,,,,,,,,,,,,,,,,
Nova Air,,,,,,,,,,,,,,,,,,
Republicair,,,,,,,,,,,,,,,,,,
VivaAerobus,,,,,,,,,,,,,,,,,,
Volaris,,,,,,,,,,,,,,,,,,
Air Saint-Pierre,,,,,,,,,,,,,,,,,,
Air Choice One,,,,,,,,,,,,,,,,,,
Air East,,,,,,,,,,,,,,,,,,
Air Sunshine,,,,,,,,,,,,,,,,,,
Air Wisconsin,,,,,,,,,,,,,,,,,,
AirTran Airways,,,,,,,,,,,,,,,,,,
Alaska Airlines,,,,,,,,,,,,,,,,,,
Alaska Central Express,,,,,,,,,,,,,,,,,,
Allegiant Air,,,,,,,,,,,,,,,,,,
American Airlines,,,,,,,,,,,,,,,,,,
AmericanConnection,,,,,,,,,,,,,,,,,,
Ameristar Jet Charter,,,,,,,,,,,,,,,,,,
Arctic Circle Air Service,,,,,,,,,,,,,,,,,,
Atlantic Southeast Airlines,,,,,,,,,,,,,,,,,,
Bemidji Airlines,,,,,,,,,,,,,,,,,,
Bering Air,,,,,,,,,,,,,,,,,,
Berry Aviation,,,,,,,,,,,,,,,,,,
Bighorn Airways,,,,,,,,,,,,,,,,,,
Big Island Air,,,,,,,,,,,,,,,,,,
Blue Moon Aviation,,,,,,,,,,,,,,,,,,
Cape Air,,,,,,,,,,,,,,,,,,
Chautauqua Airlines,,,,,,,,,,,,,,,,,,
Colgan Air,,,,,,,,,,,,,,,,,,
Colorado Airways,,,,,,,,,,,,,,,,,,
Comair,,,,,,,,,,,,,,,,,,
CommutAir,,,,,,,,,,,,,,,,,,
Continental Airlines,,,,,,,,,,,,,,,,,,
Continental Express,,,,,,,,,,,,,,,,,,
Crystal Airways,,,,,,,,,,,,,,,,,,
Delta Air Lines,,,,,,,,,,,,,,,,,,
Diamond International Airlines,,,,,,,,,,,,,,,,,,
Envoy Air,,,,,,,,,,,,,,,,,,
Era Aviation,,,,,,,,,,,,,,,,,,
ExpressJet Airlines,,,,,,,,,,,,,,,,,,
FedEx Express,,,,,,,,,,,,,,,,,,
Flight Express,,,,,,,,,,,,,,,,,,
Flight International,,,,,,,,,,,,,,,,,,
Freight Runners Express,,,,,,,,,,,,,,,,,,
Frontier Airlines,,,,,,,,,,,,,,,,,,
Frontier Flying Service,,,,,,,,,,,,,,,,,,
FS Air Service,,,,,,,,,,,,,,,,,,
GeorgiaSkies,,,,,,,,,,,,,,,,,,
GoJet Airlines,,,,,,,,,,,,,,,,,,
Grand Aire Express,,,,,,,,,,,,,,,,,,
Grand Canyon Airlines,,,,,,,,,,,,,,,,,,
Grant Aviation,,,,,,,,,,,,,,,,,,
Great Lakes Airlines,,,,,,,,,,,,,,,,,,
Gulfstream International Airlines,,,,,,,,,,,,,,,,,,
Hageland Aviation Services,,,,,,,,,,,,,,,,,,
Hawaiian Airlines,,,,,,,,,,,,,,,,,,
Hornet Airlines,,,,,,,,,,,,,,,,,,
Horizon Air,,,,,,,,,,,,,,,,,,
I-Jet Caribbean,,,,,,,,,,,,,,,,,,
Inland Aviation Services,,,,,,,,,,,,,,,,,,
Island Air,,,,,,,,,,,,,,,,,,
JetBlue Airways,,,,,,,,,,,,,,,,,,
Kalitta Charters,,,,,,,,,,,,,,,,,,
Kenmore Air,,,,,,,,,,,,,,,,,,
KentuckySkies,,,,,,,,,,,,,,,,,,
Key Lime Air,,,,,,,,,,,,,,,,,,
LAB Flying Service,,,,,,,,,,,,,,,,,,
Louisiana Airways,,,,,,,,,,,,,,,,,,
Lynx Air International,,,,,,,,,,,,,,,,,,
Merlin Airways,,,,,,,,,,,,,,,,,,
Mesa Airlines,,,,,,,,,,,,,,,,,,
Mesaba Airlines,,,,,,,,,,,,,,,,,,
Mexus Airlines,,,,,,,,,,,,,,,,,,
Miami Air International,,,,,,,,,,,,,,,,,,
Midwest Airlines,,,,,,,,,,,,,,,,,,
Midwest Connect,,,,,,,,,,,,,,,,,,
Nantucket Airlines,,,,,,,,,,,,,,,,,,
National Airlines,,,,,,,,,,,,,,,,,,
New England Airlines,,,,,,,,,,,,,,,,,,
New Mexico Airlines,,,,,,,,,,,,,,,,,,
North American Airlines,,,,,,,,,,,,,,,,,,
Northwest Airlines,,,,,,,,,,,,,,,,,,
Omni Air International,,,,,,,,,,,,,,,,,,
Pace Airlines,,,,,,,,,,,,,,,,,,
Pacific Wings,,,,,,,,,,,,,,,,,,
Pen Air,,,,,,,,,,,,,,,,,,
Piedmont Airlines,,,,,,,,,,,,,,,,,,
Pinnacle Airlines,,,,,,,,,,,,,,,,,,
Primaris Airlines,,,,,,,,,,,,,,,,,,
PSA Airlines,,,,,,,,,,,,,,,,,,
Republic Airlines,,,,,,,,,,,,,,,,,,
Ryan International Airlines,,,,,,,,,,,,,,,,,,
Salmon Air,,,,,,,,,,,,,,,,,,
Scenic Airlines,,,,,,,,,,,,,,,,,,
Shuttle America,,,,,,,,,,,,,,,,,,
Sierra Pacific Airlines,,,,,,,,,,,,,,,,,,
Skagway Air Service,,,,,,,,,,,,,,,,,,
Sky King Airlines,,,,,,,,,,,,,,,,,,
Skyway Enterprises,,,,,,,,,,,,,,,,,,
SkyWest Airlines,,,,,,,,,,,,,,,,,,
Southwest Airlines,,,,,,,,,,,,,,,,,,
Spirit Airlines,,,,,,,,,,,,,,,,,,
Sportsflight Airways,,,,,,,,,,,,,,,,,,
Sun Country Airlines,,,,,,,,,,,,,,,,,,
Sundance Air,,,,,,,,,,,,,,,,,,
Sunship1 Airlines,,,,,,,,,,,,,,,,,,
Superior Aviation,,,,,,,,,,,,,,,,,,
Swift Air,,,,,,,,,,,,,,,,,,
Trans-Florida Airlines,,,,,,,,,,,,,,,,,,
Trans States Airlines,,,,,,,,,,,,,,,,,,
United Airlines,,,,,,,,,,,,,,,,,,
United Express,,,,,,,,,,,,,,,,,,
US Airways,,,,,,,,,,,,,,,,,,
USA Jet Airlines,,,,,,,,,,,,,,,,,,
Victory Air Transport,,,,,,,,,,,,,,,,,,
Virgin America,,,,,,,,,,,,,,,,,,
Vision Airlines,,,,,,,,,,,,,,,,,,
Wagner Airways,,,,,,,,,,,,,,,,,,
West Air,,,,,,,,,,,,,,,,,,
Wings of Alaska,,,,,,,,,,,,,,,,,,
World Airways,,,,,,,,,,,,,,,,,,
Xtra Airways,,,,,,,,,,,,,,,,,,
Aerolíneas Argentinas,,,,,,,,,,,,,,,,,,
Andes Líneas Aéreas,,,,,,,,,,,,,,,,,,
Austral Líneas Aéreas,,,,,,,,,,,,,,,,,,
Baires Fly,,,,,,,,,,,,,,,,,,
LADE,,,,,,,,,,,,,,,,,,
LATAM Argentina,,,,,,,,,,,,,,,,,,
Sol Líneas Aéreas,,,,,,,,,,,,,,,,,,
Boliviana de Aviación,,,,,,,,,,,,,,,,,,
Línea Aérea Amaszonas,,,,,,,,,,,,,,,,,,
TAM – Transporte Aéreo Militar,,,,,,,,,,,,,,,,,,
LATAM Brasil,,,,,,,,,,,,,,,,,,
Aero Cardal,,,,,,,,,,,,,,,,,,
Aerolínea Principal,,,,,,,,,,,,,,,,,,
Aerovías DAP,,,,,,,,,,,,,,,,,,
LATAM Chile,,,,,,,,,,,,,,,,,,
LATAM Express,,,,,,,,,,,,,,,,,,
Sky Airline,,,,,,,,,,,,,,,,,,
Aerolínea de Antioquia,,,,,,,,,,,,,,,,,,
AeroRepública,,,,,,,,,,,,,,,,,,
Aires Colombia,,,,,,,,,,,,,,,,,,
APSA - Aeroexpreso Bogota,,,,,,,,,,,,,,,,,,
Avianca,,,,,,,,,,,,,,,,,,
EasyFly,,,,,,,,,,,,,,,,,,
Heliandes,,,,,,,,,,,,,,,,,,
SAM Colombia,,,,,,,,,,,,,,,,,,
SATENA,,,,,,,,,,,,,,,,,,
Aerogal,,,,,,,,,,,,,,,,,,
Icaro Air,,,,,,,,,,,,,,,,,,
LATAM Ecuador,,,,,,,,,,,,,,,,,,
SAEREO,,,,,,,,,,,,,,,,,,
TAME,,,,,,,,,,,,,,,,,,
Air Guyane,,,,,,,,,,,,,,,,,,
Air Services Limited,,,,,,,,,,,,,,,,,,
Domestic Airways,,,,,,,,,,,,,,,,,,
Fenix Aviation,,,,,,,,,,,,,,,,,,
Golden Arrow Airways,,,,,,,,,,,,,,,,,,
Hinterland Aviation Inc,,,,,,,,,,,,,,,,,,
Jags Aviation,,,,,,,,,,,,,,,,,,
Oxford Aviation,,,,,,,,,,,,,,,,,,
Roraima Airways,,,,,,,,,,,,,,,,,,
Trans Guyana Airways,,,,,,,,,,,,,,,,,,
Wings Aviation,,,,,,,,,,,,,,,,,,
Regional Paraguaya,,,,,,,,,,,,,,,,,,
LATAM Paraguay,,,,,,,,,,,,,,,,,,
Avianca Perú,,,,,,,,,,,,,,,,,,
LATAM Perú,,,,,,,,,,,,,,,,,,
LC Busre,,,,,,,,,,,,,,,,,,
Movil Air,,,,,,,,,,,,,,,,,,
Peruvian Airlines,,,,,,,,,,,,,,,,,,
Saeta Peru,,,,,,,,,,,,,,,,,,
Star Peru,,,,,,,,,,,,,,,,,,
Viva Air,,,,,,,,,,,,,,,,,,
Wayra Peru,,,,,,,,,,,,,,,,,,
Blue Wing Airlines,,,,,,,,,,,,,,,,,,
Caricom Airways,,,,,,,,,,,,,,,,,,
Surinam Airways,,,,,,,,,,,,,,,,,,
Aeromas,,,,,,,,,,,,,,,,,,
Air Class Líneas Aéreas,,,,,,,,,,,,,,,,,,
Aero Ejecutivos,,,,,,,,,,,,,,,,,,
Aeropostal Alas de Venezuela,,,,,,,,,,,,,,,,,,
Aserca Airlines,,,,,,,,,,,,,,,,,,
Avior Airlines,,,,,,,,,,,,,,,,,,
Conviasa,,,,,,,,,,,,,,,,,,
LAI - Línea Aérea IAACA,,,,,,,,,,,,,,,,,,
LASER,,,,,,,,,,,,,,,,,,
Linea Turistica Aerotuy,,,,,,,,,,,,,,,,,,
Rutaca,,,,,,,,,,,,,,,,,,
Santa Barbara Airlines,,,,,,,,,,,,,,,,,,
Servivensa,,,,,,,,,,,,,,,,,,
Sol America,,,,,,,,,,,,,,,,,,
Venezolana,,,,,,,,,,,,,,,,,,
